_id,vader,gcp
1323711961507504129,-0.836,-0.10000000149011612
1323711961519939584,0.4404,0.10000000149011612
1323711961536860160,-0.1511,-0.800000011920929
1323711965722796033,0.0,0.0
1323711969912786945,0.0,0.0
1323711969921134592,-0.9674,-0.20000000298023224
1323711974107160576,-0.3595,0.4000000059604645
1323711974119788545,-0.1132,0.0
1323711974102999042,0.8655,-0.10000000149011612
1323711974107238407,0.8074,-0.699999988079071
1323711974094512128,-0.6115,-0.8999999761581421
1323711974102888448,0.0,0.0
1323711978284732418,0.0,-0.20000000298023224
1323711982500020227,0.0,0.10000000149011612
1323711982500040705,0.0,-0.10000000149011612
1323711982504157184,-0.2263,-0.699999988079071
1323711982483243010,0.0,-0.4000000059604645
1323711982479024129,-0.9738,-0.10000000149011612
1323711986681679872,0.6908,0.8999999761581421
1323711990876045315,0.6369,0.5
1323711990884372482,-0.0258,-0.6000000238418579
1323711990892765184,0.0,-0.10000000149011612
1323711990859210753,0.5719,0.699999988079071
1323711990888505345,0.7003,0.0
1323712666146377731,0.6002,-0.30000001192092896
1323712666179792896,-0.3167,-0.800000011920929
1323712674534989825,0.8555,-0.800000011920929
1323712674534985736,0.0,0.30000001192092896
1323712678746071040,-0.0516,0.10000000149011612
1323712678737678336,0.7901,0.8999999761581421
1323712678737649669,0.2732,0.0
1323712682923622402,0.0,0.0
1323712682940387330,0.7003,-0.5
1323712682952953856,0.5574,-0.20000000298023224
1323712682923470848,0.0,-0.20000000298023224
1323712687126335490,0.4389,-0.6000000238418579
1323712687142891521,0.0,-0.30000001192092896
1323712691320606720,0.4404,0.0
1323712691328995328,0.6027,-0.5
1323712695523254272,0.8015,0.4000000059604645
1323712699704971267,0.4939,-0.5
1323712699717603329,-0.4168,-0.4000000059604645
1323712699704832001,0.0,-0.10000000149011612
1323712699730071552,0.0,0.0
1323712741673213952,0.0,-0.10000000149011612
1323712745859145730,0.34,0.0
1323712750061785088,0.0,-0.10000000149011612
1323712750057652225,0.8999,0.0
1323712750053257216,0.0,0.0
1323712754222571520,0.0,-0.5
1323712754260344832,0.0,0.0
1323712754234978306,0.0,0.10000000149011612
1323712758429425665,0.4173,0.0
1323712758416842761,0.3612,-0.5
1323712762636390400,-0.2057,0.0
1323712766818111488,0.8135,0.20000000298023224
1323712766805422080,0.5859,-0.10000000149011612
1323712766834843651,0.0,0.20000000298023224
1323712771033354240,-0.3182,-0.4000000059604645
1323712771012370434,-0.3818,-0.800000011920929
1323712771012268032,-0.4019,-0.10000000149011612
1323712775227625473,0.4404,-0.20000000298023224
1323712779396780032,0.0,0.10000000149011612
1323712779400851456,-0.8007,0.30000001192092896
1323712783599415296,0.0,-0.30000001192092896
1323712783582597121,-0.6697,-0.4000000059604645
1323712787798020096,-0.1759,0.0
1323712787797991424,0.5994,0.0
1323712787810496513,0.0,-0.4000000059604645
1323712791988129792,0.5859,0.5
1323712796194983940,-0.4767,-0.30000001192092896
1323712800372514818,0.2732,0.0
1323712800397627395,0.0,-0.20000000298023224
1323712800397664261,0.6249,-0.10000000149011612
1323712800368193537,-0.2263,-0.699999988079071
1323712804579381251,0.0,-0.10000000149011612
1323712804571013120,-0.8176,-0.30000001192092896
1323712804587712512,0.0,-0.4000000059604645
1323712804587646977,0.0,-0.30000001192092896
1323712804558266368,0.0,-0.30000001192092896
1323712808765149184,0.4404,-0.20000000298023224
1323712812955389954,0.7845,0.10000000149011612
1323712812951183360,0.4199,0.800000011920929
1323712817158119429,0.765,0.6000000238418579
1323712821335597058,0.0,0.20000000298023224
1323712821335527424,-0.8126,-0.10000000149011612
1323712821335629827,0.0,0.4000000059604645
1323712821360652289,0.128,-0.6000000238418579
1323712821352345612,0.0,0.0
1323712825542512645,0.0,-0.5
1323712825542455296,0.7574,0.30000001192092896
1323712825559187456,0.6662,0.0
1323712829753470977,0.6458,0.0
1323712833918504961,-0.1027,-0.800000011920929
1323712833914310666,0.0,-0.20000000298023224
1323712838116941824,-0.5709,-0.699999988079071
1323712838116937728,0.9552,0.5
1323712842319749122,-0.0516,-0.30000001192092896
1323712842315517953,0.0,-0.10000000149011612
1323712846526644230,0.5994,-0.5
1323712846497239041,0.0,0.0
1323712846530637824,0.0,-0.10000000149011612
1323712850720862210,-0.6369,-0.4000000059604645
1323712850699948034,-0.1531,-0.5
1323712850704171009,0.0,0.0
1323712850729312261,0.0,-0.10000000149011612
1323712850725113856,0.5994,0.0
1323712850691563522,0.0,0.20000000298023224
1323712854911049731,0.0,0.0
1323712854923505664,0.0,-0.10000000149011612
1323712854885691392,-0.2156,0.30000001192092896
1323712854902468608,0.783,0.20000000298023224
1323712859105275905,0.4019,0.0
1323712859113545728,-0.5719,-0.5
1323712859084259328,0.0,0.10000000149011612
1323712859117744128,0.3182,-0.4000000059604645
1323712863282876418,0.6166,0.0
1323712863287058436,0.6093,0.30000001192092896
1323712863291248647,0.0,0.699999988079071
1323712863312224259,0.7717,-0.20000000298023224
1323712867502346240,-0.8176,-0.30000001192092896
1323712875857412107,-0.5913,-0.6000000238418579
1323712880076873728,0.5719,-0.10000000149011612
1323712880089464833,0.2263,-0.699999988079071
1323712880089288705,0.0,0.0
1323712884258623490,0.0,0.0
1323712884266934275,0.1779,-0.10000000149011612
1323712884271099905,0.3612,0.10000000149011612
1323712888440188928,0.0,-0.20000000298023224
1323712892647186434,0.8519,0.5
1323712892642955269,0.2263,0.20000000298023224
1323712892655587330,-0.8381,-0.6000000238418579
1323712892672331776,0.1012,-0.4000000059604645
1323712892651282432,0.4019,0.4000000059604645
1323712896854011904,-0.0772,-0.699999988079071
1323712896866668544,0.4939,0.0
1323712901039984641,0.5719,0.0
1323712901027303424,0.0,0.0
1323712901060808705,0.0,0.10000000149011612
1323712905217482753,0.4019,0.10000000149011612
1323712905234292737,-0.5086,-0.4000000059604645
1323712909428613121,0.0,-0.10000000149011612
1323712909432791043,0.0,0.6000000238418579
1323712913606086656,0.0,-0.20000000298023224
1323712913618718725,-0.8225,-0.5
1323712913639702530,0.0,0.0
1323712913639673865,0.0,-0.30000001192092896
1323712917808795651,-0.6182,-0.800000011920929
1323712921998925825,0.0,0.10000000149011612
1323712922007207936,0.1531,0.0
1323712926210052097,-0.4215,0.5
1323712926210019329,0.3164,0.4000000059604645
1323712926189047809,0.0,0.0
1323712930404274178,0.4195,-0.10000000149011612
1323712930416832517,-0.4588,0.10000000149011612
1323712930387386369,-0.296,-0.699999988079071
1323712930404212738,0.0,-0.6000000238418579
1323712930395967491,0.0,-0.30000001192092896
1323712934577606656,0.5994,-0.699999988079071
1323712934615392263,-0.4939,-0.800000011920929
1323712934577643522,0.0,-0.30000001192092896
1323712934598615041,-0.4215,-0.699999988079071
1323712934615359489,0.0,0.0
1323712942999801859,0.0,0.0
1323712942966231043,-0.2732,-0.20000000298023224
1323712942974496768,-0.6774,-0.800000011920929
1323712943003848704,-0.5514,-0.20000000298023224
1323712942999654401,0.0,-0.6000000238418579
1323712947164729345,0.6037,-0.20000000298023224
1323712947160567815,0.4215,-0.800000011920929
1323712947177357320,0.0,-0.6000000238418579
1323712947168940034,0.6908,-0.20000000298023224
1323712947164774400,-0.4404,-0.800000011920929
1323712951359016960,-0.296,-0.6000000238418579
1323712951367487488,-0.93,-0.4000000059604645
1323712951379988487,0.0,0.30000001192092896
1323712951388438535,0.0,0.699999988079071
1323712951392505856,0.4404,-0.800000011920929
1323712951375876096,0.5562,0.4000000059604645
1323712955570073601,0.188,0.30000001192092896
1323712955553382401,0.5267,0.30000001192092896
1323712955557376000,0.4576,0.0
1323712955565793281,-0.0572,-0.4000000059604645
1323712959756029954,0.0,0.20000000298023224
1323712963946127360,0.6486,-0.10000000149011612
1323712963971182592,-0.8573,-0.4000000059604645
1323712972351561728,0.3412,-0.5
1323712972364021760,0.128,-0.6000000238418579
1323712980727582721,0.2263,-0.30000001192092896
1323712980744327168,0.1556,0.10000000149011612
1323712980744372224,0.0,0.10000000149011612
1323712980744364041,0.887,-0.20000000298023224
1323712980744220672,0.0,0.0
1323712980735815681,0.0,-0.10000000149011612
1323712984917643270,0.3947,-0.6000000238418579
1323712984917553152,0.2732,-0.20000000298023224
1323712984946929665,0.0258,0.0
1323712984913358848,0.0,0.10000000149011612
1323712984909291522,0.3182,0.10000000149011612
1323712989116116992,0.8625,0.4000000059604645
1323712989133000704,0.0,0.10000000149011612
1323712989120335873,0.3597,0.0
1323712989111984131,-0.6369,0.10000000149011612
1323712989116190720,0.0,0.20000000298023224
1323712989111840768,-0.4357,-0.4000000059604645
1323712993327284224,0.0,0.0
1323712993318838274,0.8011,0.30000001192092896
1323712993302093824,0.8221,0.6000000238418579
1323712993306144768,0.5676,-0.6000000238418579
1323712997492248583,0.4939,-0.10000000149011612
1323712997508919296,0.5106,-0.20000000298023224
1323712997529772032,0.5574,0.0
1323713001715847178,0.5346,-0.4000000059604645
1323713001715724290,0.0,0.30000001192092896
1323713001703186433,0.2732,-0.20000000298023224
1323713001719963648,0.0,0.10000000149011612
1323713001690521600,-0.4019,-0.4000000059604645
1323713005897601028,-0.5719,-0.800000011920929
1323713005906001922,-0.2244,-0.4000000059604645
1323713010108637193,0.4404,0.699999988079071
1323713010091855874,0.8625,0.10000000149011612
1323713010079305728,0.0,0.0
1323713010083520514,0.4404,0.800000011920929
1323713014277832704,0.0,0.0
1323713014307213313,0.0,-0.20000000298023224
1323713018501435397,0.0,0.10000000149011612
1323713018471931904,0.8032,0.0
1323713018472112128,0.5859,0.20000000298023224
1323713022691598337,0.0,0.0
1323713031084408834,0.0,0.0
1323713031050854400,0.0,-0.4000000059604645
1323713031046574083,-0.8567,-0.10000000149011612
1323713031046602753,0.0,-0.10000000149011612
1323713031063310336,-0.4404,-0.10000000149011612
1323713035266043907,0.0,0.20000000298023224
1323713035261878274,-0.0816,-0.6000000238418579
1323713035274457095,0.8988,0.30000001192092896
1323713039447838724,0.0,0.0
1323713039460376577,0.0,0.10000000149011612
1323713043633709065,0.0,-0.20000000298023224
1323713047844839424,-0.2732,-0.8999999761581421
1323713047844720640,0.7236,-0.10000000149011612
1323713047823704064,0.5719,0.699999988079071
1323713047853191169,0.836,0.0
1323713052026368000,0.3412,-0.5
1323713052030783492,0.8056,-0.10000000149011612
1323713056237625344,-0.6523,0.0
1323713056237625346,-0.0258,-0.6000000238418579
1323713056246038535,0.0,-0.30000001192092896
1323713056229093376,0.3412,-0.5
1323713056233447424,0.0,0.30000001192092896
1323713060415119360,0.0,-0.6000000238418579
1323713060444385281,0.296,0.10000000149011612
1323713064630366208,-0.296,-0.30000001192092896
1323713064601006080,-0.2263,-0.699999988079071
1323713068824670208,0.0,0.0
1323713068812161024,0.0,-0.10000000149011612
1323713072989671431,0.7506,0.30000001192092896
1323713072993869827,0.0,0.0
1323713073019035649,0.0,0.0
1323713073019015169,0.0,0.10000000149011612
1323713073027391490,0.0,0.0
1323713073002270721,0.34,-0.20000000298023224
1323713077217558530,0.0,0.10000000149011612
1323713077192306699,0.2382,-0.10000000149011612
1323713077217501184,-0.2755,0.0
1323713077188112389,0.34,0.30000001192092896
1323713081382502400,0.8555,0.6000000238418579
1323713081378222081,0.0,-0.20000000298023224
1323713085576798208,0.1556,0.10000000149011612
1323713085580972032,0.0,-0.10000000149011612
1323713089796296706,0.0,-0.4000000059604645
1323713089791995905,-0.4215,-0.699999988079071
1323713089796231169,0.8798,0.10000000149011612
1323713093965406220,0.4404,0.20000000298023224
1323713093965369344,0.0,0.10000000149011612
1323713093998968839,0.3947,-0.6000000238418579
1323713093973626880,0.0,0.0
1323713093969584130,-0.431,-0.6000000238418579
1323713093978017799,0.4404,0.4000000059604645
1323713098189070337,0.6249,0.0
1323713098180567041,0.8271,-0.10000000149011612
1323713098172129280,0.3612,0.10000000149011612
1323713098176364544,-0.3818,-0.30000001192092896
1323713098163736576,-0.4767,0.0
1323713102366593026,0.0,0.0
1323713102387576838,0.4215,-0.10000000149011612
1323713102353960960,0.0,0.0
1323713106556715009,-0.2732,-0.30000001192092896
1323713106581901312,0.9168,-0.10000000149011612
1323713110746767361,0.0,0.0
1323713110738456580,0.0,-0.30000001192092896
1323713110755233794,0.0,-0.699999988079071
1323713110746779650,0.4199,0.6000000238418579
1323713110750973954,-0.4389,0.20000000298023224
1323713110759256064,0.0,0.20000000298023224
1323713114953711622,0.4939,-0.10000000149011612
1323713114970476547,-0.8349,0.30000001192092896
1323713114936926208,0.2732,-0.10000000149011612
1323713114949509122,0.5859,-0.10000000149011612
1323713119143813120,0.8721,-0.800000011920929
1323713119160573952,0.5399,0.20000000298023224
1323713119160471552,0.0,0.10000000149011612
1323713123338080258,0.0,0.0
1323713127519834115,0.0,0.800000011920929
1323713131743453184,0.8221,0.6000000238418579
1323713131747581952,0.0,0.20000000298023224
1323713135933534212,0.0,0.10000000149011612
1323713135941873664,-0.7906,-0.4000000059604645
1323713135941808128,0.5229,0.8999999761581421
1323713140102729732,0.0,0.20000000298023224
1323713144292823041,0.5719,0.0
1323713144309616640,-0.765,-0.5
1323713148495560704,0.8561,0.5
1323713148491354119,0.4767,0.10000000149011612
1323713152706617344,-0.4168,-0.20000000298023224
1323713152706613250,0.0,0.0
1323713156892549121,0.0,-0.699999988079071
1323713156884168704,-0.6908,-0.4000000059604645
1323713156888301574,0.4404,-0.20000000298023224
1323713156909334529,0.481,0.0
1323713161078472707,0.4019,0.0
1323713161103638529,0.3818,-0.30000001192092896
1323715463759749127,-0.632,-0.20000000298023224
1323715467954003969,0.0,-0.20000000298023224
1323715467941466114,0.5499,0.4000000059604645
1323715467941498880,0.4588,0.0
1323715467949690881,-0.0772,-0.4000000059604645
1323715467970666496,0.4738,0.8999999761581421
1323715472152498176,-0.0258,-0.6000000238418579
1323715472144044032,-0.1027,-0.5
1323715476355252224,0.8221,0.6000000238418579
1323715480536944643,0.0,0.0
1323715480536911877,-0.4404,-0.5
1323715480545349633,0.0,0.0
1323715480528457728,0.6124,0.5
1323715480545157120,-0.296,-0.30000001192092896
1323715484731232257,-0.5719,-0.20000000298023224
1323715484727025666,-0.2732,-0.30000001192092896
1323715484748029953,0.8126,-0.20000000298023224
1323715484739514369,0.6597,0.4000000059604645
1323715488938119168,-0.34,-0.6000000238418579
1323715488938151936,0.4215,-0.20000000298023224
1323715493136637954,0.3182,-0.5
1323715493115691009,-0.1449,-0.800000011920929
1323715493140832257,0.0,0.20000000298023224
1323715493132300288,0.6369,0.4000000059604645
1323715501512675330,0.3612,-0.30000001192092896
1323715501521063947,0.0,-0.20000000298023224
1323715501508325376,0.6369,0.10000000149011612
1323715505702768642,-0.1027,-0.5
1323715505702674432,0.0,0.0
1323715505711177728,-0.4895,-0.30000001192092896
1323715505706819585,0.6597,0.4000000059604645
1323715509884510211,-0.0572,-0.4000000059604645
1323715509892861952,0.8547,0.699999988079071
1323715514087211009,0.4344,0.8999999761581421
1323715518277275649,0.1556,0.10000000149011612
1323715518268923904,-0.2714,0.20000000298023224
1323715522463178752,0.0,0.0
1323715522467418114,0.5719,-0.30000001192092896
1323715522500984834,0.7925,0.10000000149011612
1323715522496733188,0.9678,0.20000000298023224
1323715530885419008,-0.3384,-0.800000011920929
1323715530885398528,0.0,-0.10000000149011612
1323715530876837889,0.0,0.20000000298023224
1323715535071301633,0.0,0.20000000298023224
1323715535058702339,0.3898,0.30000001192092896
1323715539240407042,0.0,0.10000000149011612
1323715539252989952,0.0,-0.30000001192092896
1323715539244519424,0.0,0.0
1323715543464054785,-0.1779,-0.6000000238418579
1323715543455748104,0.0,0.20000000298023224
1323715543472476160,0.0,0.0
1323715543447207936,-0.4678,-0.30000001192092896
1323715547666751489,0.5859,-0.10000000149011612
1323715547654090752,0.3291,0.699999988079071
1323715551844311047,-0.1027,-0.800000011920929
1323715551848505345,0.0,0.0
1323715551860936704,0.6369,-0.10000000149011612
1323715551852572672,-0.4939,0.4000000059604645
1323715556021882882,-0.2732,-0.800000011920929
1323715556017643526,-0.8955,-0.20000000298023224
1323715556038512640,-0.4003,0.10000000149011612
1323715560220229633,0.628,0.20000000298023224
1323715564443967488,0.0,0.20000000298023224
1323715564444012544,0.4754,-0.30000001192092896
1323715564414464000,0.4871,-0.699999988079071
1323715568629915648,-0.296,0.10000000149011612
1323715568600551424,0.5859,0.10000000149011612
1323715568625573889,-0.8016,-0.6000000238418579
1323715572803260418,0.7096,0.10000000149011612
1323715572832632832,-0.6249,-0.4000000059604645
1323715572815843329,0.4199,0.800000011920929
1323715572819963904,0.5574,0.8999999761581421
1323715572828413952,0.0,-0.10000000149011612
1323715572824199169,0.0,0.10000000149011612
1323715577010098177,0.0,-0.10000000149011612
1323715577010151425,0.5994,-0.699999988079071
1323715577018540034,0.0,0.10000000149011612
1323715577018540036,0.0,0.10000000149011612
1323715577005793280,0.0,0.10000000149011612
1323715577005842434,0.8625,0.0
1323715577022697473,0.4588,0.0
1323715581208571905,-0.6124,-0.10000000149011612
1323715581217017860,-0.296,0.30000001192092896
1323715585377710086,0.0,0.0
1323715585398681601,0.0,0.0
1323715585402904578,0.0,0.0
1323715589576286208,0.0258,-0.30000001192092896
1323715589593071618,0.1027,0.0
1323715589593063426,0.3182,0.20000000298023224
1323715593778941954,0.7269,0.10000000149011612
1323715593770586115,-0.4588,-0.20000000298023224
1323715593778782208,0.0,-0.30000001192092896
1323715597998477314,0.0,-0.10000000149011612
1323715597998411779,0.7584,0.0
1323715597998411777,0.0,-0.30000001192092896
1323715597973164035,-0.5574,-0.20000000298023224
1323715602159177728,0.0,0.0
1323715602171654145,-0.7964,-0.699999988079071
1323715606382845953,0.0516,-0.800000011920929
1323715606353465348,0.2023,-0.20000000298023224
1323715606353338369,-0.4767,-0.5
1323715610560368643,0.3321,0.0
1323715610556174340,0.0,-0.4000000059604645
1323715614754676737,-0.6546,-0.5
1323715614758772736,0.7783,0.10000000149011612
1323715614775504897,-0.5411,-0.30000001192092896
1323715623130681348,-0.1132,0.0
1323715623164268544,0.0,0.0
1323715627345956864,0.0,-0.20000000298023224
1323715627337568256,0.2556,-0.4000000059604645
1323715627345915906,0.3182,-0.20000000298023224
1323715627320823809,-0.2755,-0.5
1323715627320856583,0.25,-0.4000000059604645
1323715627358523393,0.0,0.30000001192092896
1323715631519354883,0.624,-0.699999988079071
1323715635717853185,0.2263,0.20000000298023224
1323715635726135303,-0.3013,-0.699999988079071
1323715639932973056,-0.6449,-0.20000000298023224
1323715644135800832,-0.6249,-0.699999988079071
1323715648313241601,0.8221,0.6000000238418579
1323715648304766976,-0.4215,-0.699999988079071
1323715652511768578,0.5859,0.0
1323715652490792960,0.0,-0.6000000238418579
1323715652486524930,0.0,-0.30000001192092896
1323715652511764487,0.0,-0.5
1323715656697741312,0.0,-0.10000000149011612
1323715660887842817,0.0,-0.6000000238418579
1323715665069572099,-0.0816,-0.6000000238418579
1323715665077936129,0.8658,0.8999999761581421
1323715665098903552,0.0,-0.699999988079071
1323715665086369792,0.0,0.10000000149011612
1323715665090482176,0.0,0.20000000298023224
1323715665107152896,0.628,0.20000000298023224
1323715673462349835,0.3947,-0.6000000238418579
1323715677690232833,0.8221,0.6000000238418579
1323715681846759424,0.0,-0.4000000059604645
1323715686074445824,0.0,0.20000000298023224
1323715690260533251,0.3612,-0.4000000059604645
1323715694442106880,0.6124,-0.30000001192092896
1323715698640695296,0.0,-0.800000011920929
1323715698661666818,-0.6249,-0.4000000059604645
1323715698628112384,0.6114,0.6000000238418579
1323715702830882818,0.0,0.0
1323715711219437571,0.8168,0.8999999761581421
1323715711219519491,-0.34,0.0
1323715711219490822,0.8126,-0.30000001192092896
1323715711227887616,-0.4588,-0.20000000298023224
1323715711240445952,-0.0816,-0.6000000238418579
1323715715405385729,0.0,-0.20000000298023224
1323715715422134278,-0.3818,0.30000001192092896
1323715715401093120,0.25,-0.4000000059604645
1323715719629066241,0.2263,0.4000000059604645
1323715719608045568,0.0,-0.10000000149011612
1323715719616466945,-0.4019,-0.4000000059604645
1323715723827425281,-0.0201,-0.30000001192092896
1323715728013512709,0.936,0.20000000298023224
1323715728017707014,0.2732,-0.10000000149011612
1323715727988297731,-0.3182,-0.20000000298023224
1323715732178391043,-0.4588,-0.20000000298023224
1323715732207771649,0.0,0.20000000298023224
1323715732203450368,-0.296,-0.6000000238418579
1323715732199321603,0.3612,0.0
1323715736389492738,0.1027,0.0
1323715736385314817,-0.8522,-0.20000000298023224
1323715736385314818,0.0,0.0
1323715736393580544,0.0,0.0
1323715740567019529,0.0,0.20000000298023224
1323715740588036102,-0.296,-0.4000000059604645
1323715740587929602,-0.0639,-0.5
1323715740583821314,0.7906,0.0
1323715740596379654,0.0,0.10000000149011612
1323715740587839488,0.5994,-0.20000000298023224
1323715740604669952,0.0,0.5
1323715744773922823,0.6239,0.20000000298023224
1323715744782151685,-0.0572,-0.4000000059604645
1323715744777920513,0.7156,0.30000001192092896
1323715748959817729,-0.4019,-0.30000001192092896
1323715748972449798,0.5859,0.0
1323715748963979264,0.0,-0.5
1323715748963983362,0.0,0.30000001192092896
1323715753183498248,0.0,-0.699999988079071
1323715753183498242,0.5719,-0.30000001192092896
1323715753158258694,-0.3612,0.20000000298023224
1323715753166753794,0.7906,0.0
1323715753149931522,-0.5423,0.0
1323715753166532608,0.0,-0.10000000149011612
1323715765757898752,0.0,0.20000000298023224
1323715769931354115,0.7096,-0.6000000238418579
1323715778315771905,0.3802,0.0
1323715778328276994,0.7958,0.0
1323715778336772096,-0.5022,-0.10000000149011612
1323715778353549313,0.0,0.10000000149011612
1323715782547820551,0.7721,-0.5
1323715782530883584,0.0,-0.10000000149011612
1323715782530932736,0.4199,-0.10000000149011612
1323715786721153024,0.0,0.20000000298023224
1323715786737885184,0.1531,-0.800000011920929
1323715790923829251,0.5994,-0.699999988079071
1323715790911262721,0.4199,0.6000000238418579
1323715790911275008,0.0,0.30000001192092896
1323715795118104577,-0.5719,-0.20000000298023224
1323715795130658816,0.3612,0.10000000149011612
1323715795109711879,0.0,-0.4000000059604645
1323715799308210176,0.5859,0.0
1323715799303954432,0.0,0.20000000298023224
1323715803506790401,0.0,0.0
1323715811870167044,0.0,0.0
1323715811886960652,0.0,0.0
1323715816102252546,0.6093,0.30000001192092896
1323715824482504704,0.0,0.20000000298023224
1323715824490893312,0.7184,0.10000000149011612
1323715824486670338,0.4019,-0.5
1323715824474087424,0.0,0.20000000298023224
1323715824478277639,-0.7506,-0.6000000238418579
1323715824465534976,-0.4939,-0.10000000149011612
1323715828651597827,0.4215,-0.30000001192092896
1323715832850096128,0.3431,-0.699999988079071
1323715832871030786,0.0,0.0
1323715832866770944,0.0,-0.5
1323715837052784640,0.0,0.0
1323715841268076551,0.6486,0.0
1323715845458112512,0.0,-0.30000001192092896
1323715845462413314,0.8221,0.6000000238418579
1323715845428637698,0.4767,0.0
1323715849656688643,0.9493,-0.30000001192092896
1323715853838372873,0.4404,0.10000000149011612
1323715853834244101,0.0,0.0
1323715853842612224,0.3382,0.10000000149011612
1323715858007498752,-0.2407,-0.10000000149011612
1323715858036916225,-0.3182,0.0
1323715858015887364,0.6093,0.30000001192092896
1323715858015793152,0.0,0.20000000298023224
1323715862235357185,0.9153,0.20000000298023224
1323715862214463491,0.0,-0.10000000149011612
1323715862239629312,0.0,-0.10000000149011612
1323715870619742213,-0.1447,0.0
1323715874822496257,0.0,-0.10000000149011612
1323715874788765697,-0.2714,0.20000000298023224
1323715879000018944,-0.296,-0.30000001192092896
1323715879016812544,0.7717,0.800000011920929
1323715878983098368,0.0772,-0.20000000298023224
1323715883173380098,0.0,0.20000000298023224
1323715883198517249,0.0,-0.4000000059604645
1323715883206922246,0.0,-0.4000000059604645
1323715883177517057,-0.128,-0.699999988079071
1323715883185762304,-0.3182,0.0
1323715891570352129,0.5994,0.0
1323715891599736832,-0.3875,-0.800000011920929
1323715891566182400,0.0,-0.5
1323715891595374592,-0.7684,-0.4000000059604645
1323715891595411456,0.4588,-0.20000000298023224
1323715895773011968,-0.4215,-0.10000000149011612
1323715899971362816,0.4199,0.6000000238418579
1323715904170008578,0.5448,-0.4000000059604645
1323715904169861120,-0.5719,-0.20000000298023224
1323715908339179520,0.0599,0.10000000149011612
1323715908360151042,-0.3939,-0.4000000059604645
1323715908360118275,-0.625,-0.20000000298023224
1323715908368396288,0.0,-0.30000001192092896
1323715912562663424,0.7371,0.30000001192092896
1323715912566890496,0.8689,0.6000000238418579
1323715916744581125,0.4939,-0.30000001192092896
1323715920955662336,0.628,0.20000000298023224
1323715920951476225,0.0,0.10000000149011612
1323715920921989121,0.8065,0.8999999761581421
1323715925145780228,0.0,0.10000000149011612
1323715925141561344,-0.296,-0.10000000149011612
1323715925154160646,0.5719,-0.30000001192092896
1323715925154033664,0.4404,0.0
1323715925128851456,0.0,0.0
1323715929331609601,0.6696,0.800000011920929
1323715929314873346,0.3947,-0.6000000238418579
1323715929340104705,0.4019,-0.10000000149011612
1323715929331572736,0.6249,-0.5
1323715929327366144,0.4295,0.0
1323715929344102400,0.9453,0.6000000238418579
1323715929339883520,0.6369,0.5
1323715933526020104,0.5719,-0.10000000149011612
1323715933521719298,0.8553,-0.5
1323715937720217601,0.5994,-0.30000001192092896
1323715937724469248,-0.6351,0.0
1323715937715908608,0.0,0.20000000298023224
1323715941906157568,-0.5719,-0.699999988079071
1323715946125643777,-0.1027,-0.4000000059604645
1323715946125660162,0.0,-0.10000000149011612
1323715946121322496,0.6258,-0.5
1323715946108932098,0.7346,0.30000001192092896
1323715950282244096,-0.2732,0.0
1323715950298992642,0.128,-0.5
1323715950298976256,0.0,0.10000000149011612
1323715950311596034,0.0,0.0
1323715954480656385,-0.25,0.30000001192092896
1323715954489073666,0.3182,-0.699999988079071
1323715954510102529,-0.5632,-0.699999988079071
1323715954476462080,-0.5815,0.0
1323715954476548100,0.0,-0.10000000149011612
1323715954497384448,0.9261,-0.30000001192092896
1323715954480541696,-0.6808,-0.8999999761581421
1323715958687584259,0.8221,0.6000000238418579
1323715962902777856,-0.2901,-0.6000000238418579
1323715962894340096,-0.908,-0.8999999761581421
1323715967076179970,-0.6219,-0.800000011920929
1323715967092887552,0.8668,0.800000011920929
1323715971291500544,0.4404,-0.699999988079071
1323715971278872578,0.1027,0.0
1323715975447982082,-0.1132,0.0
1323715975481561091,0.0,0.20000000298023224
1323715975477448704,0.9407,0.0
1323715975473176577,0.3612,0.0
1323715979680092160,-0.0258,-0.6000000238418579
1323715983836614670,-0.5118,-0.30000001192092896
1323715988068720645,0.8555,-0.6000000238418579
1323715988030971905,0.0,0.10000000149011612
1323715992242016258,0.7473,0.10000000149011612
1323715992242032640,0.0,-0.10000000149011612
1323715992233586693,-0.6369,-0.5
1323715992254586881,-0.9022,-0.6000000238418579
1323715992258859020,-0.8122,-0.699999988079071
1323715992233545728,0.0,0.0
1323715992229302272,0.0,0.30000001192092896
1323715996427976704,0.3612,0.10000000149011612
1323715996440498176,0.6841,-0.10000000149011612
1323715996423696385,0.8225,0.10000000149011612
1323715996419608577,0.0,-0.10000000149011612
1323715996457160706,0.3182,-0.30000001192092896
1323716004845899776,-0.3412,-0.30000001192092896
1323716004824850435,0.0,0.4000000059604645
1323716004808187904,0.7003,0.4000000059604645
1323716009031802881,0.8221,0.6000000238418579
1323716009010831360,0.6239,0.5
1323716009023492102,0.1027,-0.10000000149011612
1323716009035923457,0.2071,-0.20000000298023224
1323716013205135360,-0.3089,-0.20000000298023224
1323716013226135552,0.0,-0.6000000238418579
1323716013217796096,0.0,0.10000000149011612
1323716013213446144,-0.2023,-0.10000000149011612
1323716017416294401,0.1556,0.10000000149011612
1323716017424683010,-0.2481,-0.8999999761581421
1323716017420423170,0.6093,0.30000001192092896
1323716017399451649,0.0,-0.20000000298023224
1323716017395171328,0.4404,0.20000000298023224
1323716017390972929,0.0,-0.20000000298023224
1323716021618966528,0.3802,0.4000000059604645
1323716025804820481,0.0,-0.10000000149011612
1323716025813225474,0.0,-0.20000000298023224
1323716025804869634,0.8912,0.699999988079071
1323716025796481024,0.2846,0.0
1323716025779593217,0.0,0.30000001192092896
1323716025808875520,0.6166,0.0
1323716029973815296,-0.0129,-0.8999999761581421
1323716034176688135,-0.9022,-0.6000000238418579
1323716034189250565,0.4019,0.0
1323716038387765248,-0.5267,-0.20000000298023224
1323716038383513613,-0.7579,-0.8999999761581421
1323716038375034881,0.0,0.0
1323716042569490432,0.6841,-0.30000001192092896
1323716042581946368,0.0,0.20000000298023224
1323716042573664258,-0.5815,0.0
1323716046784729090,0.8221,0.6000000238418579
1323716046788956162,0.8585,0.800000011920929
1323716050974695424,-0.7351,0.20000000298023224
1323716055164837888,0.0,-0.20000000298023224
1323716055139667969,0.0,-0.800000011920929
1323716055148171265,0.4215,-0.4000000059604645
1323716059346673664,0.0,-0.30000001192092896
1323716059350945792,0.7818,0.5
1323716059354992640,0.8244,0.0
1323716067756331008,-0.5423,-0.699999988079071
1323716067743666184,-0.4588,-0.5
1323716067743698944,-0.743,-0.30000001192092896
1323716067747860481,0.0,0.10000000149011612
1323716067743719431,-0.5815,0.0
1323716067752108033,-0.3487,0.800000011920929
1323716071946334209,0.1531,-0.800000011920929
1323716071938031617,0.0636,0.0
1323716071950614530,0.0,-0.6000000238418579
1323716071921246209,0.7184,-0.20000000298023224
1323716071954747393,-0.6597,0.0
1323716076128014337,0.0,-0.800000011920929
1323716080314077191,0.628,0.20000000298023224
1323716080309735425,0.6597,-0.800000011920929
1323716084516691969,0.0,0.0
1323716084537634821,-0.7003,-0.30000001192092896
1323716084512530434,0.0,0.0
1323716084525092864,-0.1511,-0.800000011920929
1323716084516597761,0.4215,-0.699999988079071
1323716088719417347,0.0,0.30000001192092896
1323716088706723840,0.0,0.0
1323716092896940032,-0.1779,-0.4000000059604645
1323716092909490177,-0.1531,-0.4000000059604645
1323716092888535040,-0.34,0.4000000059604645
1323716097091293184,0.7644,0.6000000238418579
1323716097087033344,0.0,-0.30000001192092896
1323716097103769605,0.0,-0.10000000149011612
1323716097116270592,0.3182,0.0
1323716101298180098,0.128,-0.6000000238418579
1323716105471406087,0.7574,0.10000000149011612
1323716105479852041,-0.5994,0.0
1323716105500844033,-0.0572,-0.4000000059604645
1323716105484029952,0.5859,0.0
1323716109690937347,0.5859,-0.10000000149011612
1323716109682446336,0.0,0.0
1323716109669933060,0.0,0.10000000149011612
1323716109690830848,-0.8658,-0.800000011920929
1323716109690839041,0.8221,0.6000000238418579
1323716109674061825,0.1556,0.10000000149011612
1323716113897820161,0.6239,0.10000000149011612
1323716113881010176,0.4754,-0.30000001192092896
1323716113864314881,0.0,0.0
1323716118054391811,0.2263,0.20000000298023224
1323716118066978816,0.5719,0.10000000149011612
1323716118079545345,0.0,-0.30000001192092896
1323716122261311491,0.0,-0.10000000149011612
1323716122269622277,0.6908,0.20000000298023224
1323716126472343552,0.6696,0.8999999761581421
1323716126468198403,0.2023,0.0
1323716126455570432,0.0,-0.6000000238418579
1323716126468198400,0.0,0.0
1323716126447120386,0.091,-0.30000001192092896
1323716126476558341,0.9453,0.6000000238418579
1323716130675019782,0.765,0.800000011920929
1323716130645704705,0.5574,-0.699999988079071
1323716134844145664,0.34,-0.10000000149011612
1323716134865117186,0.0,0.5
1323716134865088514,0.3431,-0.699999988079071
1323716134856724485,0.2023,0.20000000298023224
1323716134839885824,-0.5255,-0.699999988079071
1323716134856773633,0.0,-0.20000000298023224
1323716139030106113,0.5719,-0.5
1323716139038461961,-0.6808,-0.30000001192092896
1323716139059355648,0.0,0.10000000149011612
1323716139055157249,0.4215,-0.699999988079071
1323716143241154566,0.0,-0.30000001192092896
1323716143249559552,-0.4019,-0.800000011920929
1323716143245385729,0.6696,0.0
1323716147422863363,0.9118,0.20000000298023224
1323716147414380544,0.5719,-0.5
1323716147431104512,0.5405,0.0
1323716147447910400,-0.5815,0.0
1323716151612973056,-0.8885,-0.699999988079071
1323716155807248392,0.5538,0.0
1323716160026775554,0.1556,0.10000000149011612
1323716160035184642,0.4019,-0.20000000298023224
1323716160018391042,-0.3818,-0.6000000238418579
1323716160005804034,0.9432,0.4000000059604645
1323716164200050696,0.1779,0.10000000149011612
1323716164216856578,-0.34,-0.699999988079071
1323716164220973056,0.0,0.0
1323716168402821121,-0.3818,-0.800000011920929
1323716168385966080,0.8221,0.6000000238418579
1323716172592959490,0.0,0.20000000298023224
1323716172584378369,0.0,0.10000000149011612
1323716172580233216,0.0,0.0
1323716176799825922,0.1556,0.10000000149011612
1323716176791375872,0.0772,-0.20000000298023224
1323716176812408835,-0.2755,-0.5
1323716176778686464,0.2732,0.699999988079071
1323716176774537217,0.0,0.20000000298023224
1323716180968902657,0.0,0.0
1323716180968878082,0.2942,0.4000000059604645
1323716185171628038,0.0,-0.30000001192092896
1323716185200930816,0.0,-0.6000000238418579
1323716185184210946,0.2942,0.5
1323716189382709248,0.0,-0.30000001192092896
1323716189374287873,0.8398,0.5
1323716189395312642,-0.2023,-0.699999988079071
1323716189395144705,-0.1027,-0.5
1323716193568591873,0.4199,0.6000000238418579
1323716193556058113,0.0,-0.30000001192092896
1323716197783842818,0.0,-0.30000001192092896
1323716197758676996,0.6209,0.4000000059604645
1323716201948893185,0.3412,-0.5
1323716206143090689,-0.5574,0.0
1323716206134726657,0.4939,-0.10000000149011612
1323716210354212864,0.3182,-0.800000011920929
1323716210329067522,-0.2714,0.20000000298023224
1323716210358280192,0.8655,0.8999999761581421
1323716210349895680,-0.296,0.0
1323716214527610880,0.0,-0.800000011920929
1323716214556938241,0.0,-0.10000000149011612
1323716218730303493,0.0,0.10000000149011612
1323716218734452736,0.0,0.20000000298023224
1323716222911877120,0.0,0.0
1323716227106295811,0.4939,-0.10000000149011612
1323716227139837957,0.7648,0.20000000298023224
1323716231321432064,-0.3875,-0.800000011920929
1323716231317389312,0.0,-0.5
1323716231338192896,0.2263,0.10000000149011612
1323716231329849344,0.6166,0.0
1323716231321448448,0.3818,-0.20000000298023224
1323716231338229760,0.0,0.0
1323716235503296512,0.6114,0.10000000149011612
1323716235499024386,0.7558,0.0
1323716235494793216,0.5346,-0.4000000059604645
1323716235528335361,0.6739,-0.4000000059604645
1323716235511570433,0.34,-0.30000001192092896
1323716235507367936,-0.75,-0.20000000298023224
1323716239705911305,0.0,0.10000000149011612
1323716239726907392,-0.2732,0.0
1323716239710212098,0.0,-0.20000000298023224
1323716243883511808,0.6705,-0.10000000149011612
1323716243904466945,0.0,0.0
1323716243900215304,-0.4404,-0.10000000149011612
1323716243912839176,0.0,0.0
1323716243921121281,0.4738,0.5
1323716243895930881,-0.2023,0.0
1323716248077799429,0.872,-0.6000000238418579
1323716248094576640,0.0,0.0
1323716248086159374,0.9538,0.4000000059604645
1323716248115445760,0.0,0.0
1323716252309872647,0.0,-0.10000000149011612
1323716252301406216,0.3818,-0.20000000298023224
1323716252305678345,-0.6723,-0.20000000298023224
1323716252309856262,0.34,0.0
1323716252276318210,0.0,-0.6000000238418579
1323716256495771649,0.0,0.6000000238418579
1323716256479039492,0.7804,0.0
1323716256474652672,-0.3182,0.0
1323716269049303041,-0.0258,-0.30000001192092896
1323716273277161473,0.4767,0.20000000298023224
1323716277442093056,0.7948,-0.800000011920929
1323716277442093057,0.0,-0.6000000238418579
1323716277454598144,0.0,0.0
1323716281648979970,-0.2316,0.20000000298023224
1323716281653231618,0.4019,0.30000001192092896
1323716285847330816,0.3182,0.0
1323716290020888579,0.0,0.0
1323716290037637123,0.628,0.20000000298023224
1323716290054410249,0.0,-0.5
1323716294215143425,-0.2732,0.0
1323716294223560705,0.0,-0.800000011920929
1323716294236135427,0.4374,0.0
1323716294215041025,0.0,0.20000000298023224
1323716298409451520,-0.4767,0.0
1323716298422034433,-0.0516,-0.20000000298023224
1323716298447216640,0.0,0.0
1323716298417729536,0.0,0.20000000298023224
1323716302641471489,-0.296,-0.4000000059604645
1323716302620430336,0.0,0.0
1323716306806427648,0.0,0.0
1323716306835824645,-0.2537,-0.30000001192092896
1323716306814685184,0.5574,-0.20000000298023224
1323716311021723648,0.0,-0.30000001192092896
1323716311009107968,0.0,-0.4000000059604645
1323716311025897473,-0.9496,-0.30000001192092896
1323716310996406272,0.3802,0.30000001192092896
1323716315199213571,-0.4767,-0.6000000238418579
1323716315211829250,0.0,-0.10000000149011612
1323716315203457026,0.0,-0.8999999761581421
1323716315195023362,-0.3818,-0.10000000149011612
1323716315194994689,-0.3704,0.20000000298023224
1323716319397761026,0.3818,-0.20000000298023224
1323716319385104384,-0.3971,0.10000000149011612
1323716319380971520,0.5106,0.4000000059604645
1323716323592048645,0.0,0.4000000059604645
1323716327798935553,0.0,-0.5
1323716327786258432,-0.4215,-0.699999988079071
1323716332001677313,0.0,-0.10000000149011612
1323716331963928576,0.0,0.0
1323716331997401096,0.8953,0.4000000059604645
1323716331968073730,-0.25,-0.699999988079071
1323716331988938752,0.3818,-0.20000000298023224
1323716336166621191,0.0,-0.10000000149011612
1323716336166621202,0.0,-0.30000001192092896
1323716340365074440,0.0,-0.10000000149011612
1323716340369281035,0.1027,0.0
1323716340377636864,0.0,0.20000000298023224
1323716344555180033,0.6125,0.0
1323716344576135168,0.4753,0.8999999761581421
1323716344580317186,0.5859,-0.800000011920929
1323716344550952960,0.0772,0.0
1323716344555081728,0.0,-0.4000000059604645
1323716344559251456,0.636,0.8999999761581421
1323716348745256960,-0.8567,-0.10000000149011612
1323716348745306113,0.708,0.6000000238418579
1323716348762071041,0.8221,0.6000000238418579
1323716348745306118,0.3197,0.0
1323716348778749952,0.3947,-0.6000000238418579
1323716348740919297,-0.2732,0.0
1323716352952225793,0.7717,0.30000001192092896
1323716352973164545,0.6597,0.30000001192092896
1323716352935342082,0.4137,-0.30000001192092896
1323716352960462848,0.0,0.10000000149011612
1323716352968810496,0.0,-0.10000000149011612
1323716357159079937,0.2782,-0.800000011920929
1323716361349173248,0.7088,0.30000001192092896
1323716361332273152,0.0,0.0
1323716365526700032,-0.1027,-0.5
1323716365522472960,0.2449,0.30000001192092896
1323716365530914818,0.4215,-0.20000000298023224
1323716365551865857,0.75,0.30000001192092896
1323716365543493633,0.0,0.10000000149011612
1323716369729376256,0.0,0.4000000059604645
1323716369716793345,0.6808,-0.30000001192092896
1323716369729441792,0.0,0.20000000298023224
1323716369733586947,0.0,0.0
1323716373936308224,-0.2263,0.0
1323716373944496129,-0.2023,-0.4000000059604645
1323716373940297729,-0.5106,0.0
1323716378134827009,0.0,-0.699999988079071
1323716378134827008,-0.1027,0.0
1323716378126249984,-0.3818,-0.800000011920929
1323716378130481152,0.5719,-0.10000000149011612
1323716382295531525,0.6696,0.0
1323716390692425728,0.0,-0.20000000298023224
1323716390684012544,0.0,0.0
1323716394886844417,0.0,0.0
1323716394878345216,-0.0516,0.0
1323716399076986880,0.0,0.10000000149011612
1323716399110463490,0.128,0.10000000149011612
1323716403296456704,-0.6486,-0.699999988079071
1323716403292041218,-0.1132,0.0
1323716403304656896,0.3802,0.0
1323716407490605056,-0.8176,-0.5
1323716411672375302,0.3802,0.20000000298023224
1323716411659677697,0.25,-0.20000000298023224
1323716415858364422,0.8221,0.6000000238418579
1323716415862562818,-0.5499,0.0
1323716420065218561,-0.4333,-0.699999988079071
1323716420044234760,0.0,0.5
1323716420048429059,-0.3818,-0.800000011920929
1323716424267976705,-0.4767,-0.699999988079071
1323716424251154432,0.7003,-0.4000000059604645
1323716424255287298,0.0,0.0
1323716424251150345,0.1779,0.10000000149011612
1323716428449632256,-0.8904,-0.8999999761581421
1323716432635531265,0.8468,0.30000001192092896
1323716432639774720,0.8221,0.6000000238418579
1323716432660729856,0.4199,0.6000000238418579
1323716432635580417,0.572,-0.6000000238418579
1323716432648003584,0.7964,0.4000000059604645
1323716436821450752,0.5859,0.4000000059604645
1323716436829835267,0.9017,-0.699999988079071
1323716441028386818,0.0,-0.10000000149011612
1323716441036804098,0.4939,0.10000000149011612
1323716445231087617,0.2263,-0.4000000059604645
1323716445209939968,0.0,-0.20000000298023224
1323716449437974528,0.0,0.0
1323716453619683333,0.0,0.10000000149011612
1323716457805631495,0.6249,0.0
1323716457797197828,0.8236,0.800000011920929
1323716461995696128,0.9545,0.20000000298023224
1323716462020857856,0.3818,-0.20000000298023224
1323716462004080640,-0.296,0.0
1323716466215129089,0.2866,-0.30000001192092896
1323716466190000132,0.5147,0.0
1323716466206773249,0.0,0.5
1323716470392692736,-0.2944,-0.8999999761581421
1323716474578608130,-0.1941,-0.10000000149011612
1323716478768656385,0.0,0.0
1323716478798077954,0.2714,0.20000000298023224
1323716482967261192,0.1556,0.10000000149011612
1323716482963017730,-0.1027,-0.5
1323716482988204032,0.6597,-0.699999988079071
1323716482983989248,0.0,0.10000000149011612
1323716482962919424,0.6597,0.0
1323716487169921030,0.3182,0.10000000149011612
1323716491351609346,0.0,-0.4000000059604645
1323716491368431618,0.0,-0.4000000059604645
1323716491368230913,0.0,-0.10000000149011612
1323716491364102144,0.1531,0.0
1323716491364085760,0.0,0.10000000149011612
1323716499773804544,-0.7003,-0.30000001192092896
1323716503930372096,0.8689,0.0
1323716503934558220,-0.3818,-0.30000001192092896
1323716503930363904,0.0,-0.5
1323716503955369985,0.0,-0.10000000149011612
1323716508158169094,0.0,0.20000000298023224
1323716508141453314,0.9545,-0.20000000298023224
1323716512356700161,0.3612,0.800000011920929
1323716512356720646,-0.4404,-0.10000000149011612
1323716512356700169,0.4019,-0.20000000298023224
1323716512356528128,0.4767,-0.800000011920929
1323716516521644039,0.3612,-0.10000000149011612
1323716516551004162,0.7783,0.30000001192092896
1323716516525780992,-0.8176,-0.5
1323716516513153025,0.0,0.20000000298023224